{
  "interview": {
    "id": 0,
    "interview_time": "/Date(1583918066430-0000)/",
    "interviewee_id": 0,
    "interviewer_id": 0,
    "recordings": [
      {
        "id": 0,
        "interview_id": 0,
        "language_id": 0,
        "phrase_id": 1,
        "recorded": "/Date(1583918074214-0000)/",
        "text_response": "tgg"
      }
    ],
    "response_language": "Baikenu",
    "study_id": 1
  },
  "interviewee": {
    "age": 3,
    "education_level": "SMP",
    "firstLanguage": "Baikenu",
    "gender": "Mane",
    "id": 0,
    "livedWholeLife": true,
    "livesInDistrict": "Suai",
    "livesInMunicipality": "Covalima",
    "livesInVillage": "Debos",
    "name": "hhh",
    "occupation": "Mestre / Mestra"
  },
  "interviewer": {
    "device_id": "47c24af2-96e7-4ee3-b64f-a60e80b3efd0",
    "id": 0,
    "name": "Android User 47c24af2"
  }
}